{
  "project_info": {
    "project_number": "367196498756",
    "project_id": "proyectofirebaseshopping",
    "storage_bucket": "proyectofirebaseshopping.appspot.com"
  },
  "client": [
    {
      "client_info": {
        "mobilesdk_app_id": "1:367196498756:android:90cce1b8e23f7f18b48511",
        "android_client_info": {
          "package_name": "proyecto.firebase.shopping"
        }
      },
      "oauth_client": [],
      "api_key": [
        {
          "current_key": "AIzaSyB97KbXoxn75Kxiefz1uG7rpDTkc4UYdKo"
        }
      ],
      "services": {
        "appinvite_service": {
          "other_platform_oauth_client": []
        }
      }
    }
  ],
  "configuration_version": "1"
}